<?xml version="1.0" encoding="UTF-8"?>
<!DOCTYPE mapper
        PUBLIC "-//mybatis.org//DTD Mapper 3.0//EN"
        "http://mybatis.org/dtd/mybatis-3-mapper.dtd">

<!-- namespace="매퍼 인터페이스 경로" -->
<mapper namespace="com.toy.backend.mapper.BoardMapper">

    <!-- 게시글 리스트 조회 (전체 - 생성일 기준 내림차순) -->
    <select id="list" resultType="Boards">
        SELECT *
        FROM boards
        ORDER BY created_at DESC
    </select>

    <!-- 게시글 번호 조회 (단건)  -->
    <select id="select" resultType="Boards">
        SELECT *
        FROM boards
        WHERE no = #{no}
    </select>

    <!-- 게시글 id 조회  -->
    <select id="selectById" resultType="Boards">
        SELECT *
        FROM boards
        WHERE id = #{id}
    </select>

    <!-- 게시글 등록 -->
    <insert id="insert">
        INSERT INTO boards( id, title, writer, content)
        VALUES( #{id}, #{title}, #{writer}, #{content} )
    </insert>

    <!-- 게시글 수정 -->
    <update id="update">
        UPDATE boards
        <set>
            <if test="title != null">
                title = #{title},
            </if>
            <if test="writer != null">
                writer = #{writer},
            </if>
            <if test="content != null">
                content = #{content},
            </if>
                updated_at = now()
        </set>
        WHERE no = #{no}
    </update>

    <!-- 게시글 id 수정 -->
    <update id="updateById">
        UPDATE boards
        <set>
            <if test="title != null">
                title = #{title},
            </if>
            <if test="writer != null">
                writer = #{writer},
            </if>
            <if test="content != null">
                content = #{content},
            </if>
            updated_at = now()
        </set>
        WHERE id = #{id}
    </update>

    <!-- 게시글 번호 삭제   -->
    <delete id="delete">
        DELETE
        FROM boards
        WHERE no = #{no}
    </delete>

    <!-- 게시글 id 삭제 -->
    <delete id="deleteById">
        DELETE
        FROM boards
        WHERE id = #{id}
    </delete>

</mapper>