<?xml version="1.0" encoding="UTF-8"?>
<!DOCTYPE mapper
        PUBLIC "-//mybatis.org//DTD Mapper 3.0//EN"
        "http://mybatis.org/dtd/mybatis-3-mapper.dtd">

<!-- namespace="매퍼 인터페이스 경로" -->
<mapper namespace="com.toy.backend.mapper.BoardMapper">

    <resultMap type="Boards" id="boardMap">
        <id property="no" column="no"/>
        <result property="no" column="no"/>
        <result property="id" column="id"/>
        <result property="title" column="title"/>
        <result property="writer" column="writer"/>
        <result property="content" column="content"/>
        <result property="createdAt" column="created_at"/>
        <result property="updatedAt" column="updated_at"/>

<!--        <association property="file" column="no" javaType="Files" select="selectMainFile"></association>-->

    </resultMap>

    <!-- 게시글 리스트 조회 (전체 - 생성일 기준 내림차순) -->

    <!-- 이전 게시글 리스트 조회 코드
        <select id="list" resultType="Boards">
            SELECT *
            FROM boards
            ORDER BY created_at DESC
        </select>
    -->

    <!--


        [트러블 슈팅]
        * 문제 상황 : boardMap 클래스를 찾을 수 없음

        [에러 코드]
        Caused by: org.apache.ibatis.builder.BuilderException: Error resolving class.
        Cause: org.apache.ibatis.type.TypeException: Could not resolve type alias 'boardMap'.
        Cause: java.lang.ClassNotFoundException: Cannot find class: boardMap

        * 원인 분석 : boardMap은 자바 클래스가 아닌 XML에서 정의한 resultMap의 id값을 의미하는데
        아래 select 태그에서 resultType으로 지정했기 때문에 java의 클래스 타입을 찾으려고 하는 문제가 발생

        * 해결 방법 : <select id="list" resultType="boardMap">
                    데이터 매핑을 할때 반환 타입이 resultMap으로 지정되었기 때문에
                    resultType이 아닌 resultMap으로 지정하여 boardMap를 찾아주면 해결 된다.
    -->

    <select id="list" resultMap="boardMap">
        SELECT *
        FROM boards
        ORDER BY created_at DESC
    </select>

    <!-- 게시글 번호 조회 (단건)  -->
    <select id="select" resultType="Boards">
        SELECT *
        FROM boards
        WHERE no = #{no}
    </select>

    <!-- 게시글 id 조회  -->
    <select id="selectById" resultType="Boards">
        SELECT *
        FROM boards
        WHERE id = #{id}
    </select>

    <!-- 초기에 작성한 게시글 등록 쿼리
    <insert id="insert">
        INSERT INTO boards( id, title, writer, content)
        VALUES( #{id}, #{title}, #{writer}, #{content} )
    </insert>
    -->

    <!-- 게시글 등록
        (fileUpload 기능을 위해 쿼리 수정 : AutoIncrement로 1 자동 증가된 넘버 값이 들어오면 Boards 객체에 no 값을 넣어준다.)
    -->
    <!-- 자동으로 증가된 boards의 no를 Boards 객체의 no 변수에 넣어준다. -->
    <insert id="insert" parameterType="Boards" useGeneratedKeys="true" keyProperty="no">
        INSERT INTO boards( id, title, writer, content)
        VALUES( #{id}, #{title}, #{writer}, #{content} )
    </insert>

    <!-- 게시글 수정 -->
    <update id="update">
        UPDATE boards
        <set>
            <if test="title != null">
                title = #{title},
            </if>
            <if test="writer != null">
                writer = #{writer},
            </if>
            <if test="content != null">
                content = #{content},
            </if>
            updated_at = now()
        </set>
        WHERE no = #{no}
    </update>

    <!-- 게시글 id 수정 -->
    <update id="updateById">
        UPDATE boards
        <set>
            <if test="title != null">
                title = #{title},
            </if>
            <if test="writer != null">
                writer = #{writer},
            </if>
            <if test="content != null">
                content = #{content},
            </if>
            updated_at = now()
        </set>
        WHERE id = #{id}
    </update>

    <!-- 게시글 번호 삭제   -->
    <delete id="delete">
        DELETE
        FROM boards
        WHERE no = #{no}
    </delete>

    <!-- 게시글 id 삭제 -->
    <delete id="deleteById">
        DELETE
        FROM boards
        WHERE id = #{id}
    </delete>

    <!-- 메인 파일 정보 조회 (메인 화면 썸네일 이미지 조회)  -->
    
<!--    
	[트러블 슈팅]
	
	1. 문제 상황: PostgreSQL 에러 "operator does not exist: file_type = character varying",
				Cause: org.postgresql.util.PSQLException: 
				오류: 연산자 없음: file_type = character varying 에러 발생
			
	2. 원인 분석 : ENUM 타입(file_type) 컬럼과 문자열 비교 시 형변환 필요
	
	3. 해결 방법 : 문자열을 ENUM으로 캐스팅

	예시 : AND type = CAST(#{type} AS file_type)
     	  또는 AND type = #{type}::file_type
     
	<select id="selectMainFile" resultType="Files">
	        SELECT *
	        FROM Files
	        WHERE p_no = #{no}
		        AND p_table = 'boards'
		        AND type = 'MAIN'
    	</select>
-->

<select id="selectMainFile" resultType="Files">
        SELECT *
        FROM Files
        WHERE p_no = #{no}
	        AND p_table = 'boards'
	        AND type = CAST('MAIN' AS file_type)
    </select>
</mapper>